dice_score,jaccard_score,hd_score,hd95_score,assd_score,hd_score_normalized,hd95_score_normalized,assd_score_normalized
0.8661766845644439,0.8003775534897651,254.40283035529933,195.08003796628176,80.20122942446446,0.06253397425639902,0.04832325361289169,0.020185844071803315
0.18661189195058492,0.22594020133567502,408.68416653007245,351.7987165558378,170.60410714823342,0.08651815511779186,0.07679672012033487,0.03909328475731769
0.0,0.0,0.0,0.0,0.0,0.0,0.0,0.0
1.0,1.0,3826.081546438863,3660.847838928481,2249.8556113246905,0.6789431588388145,0.6199150200162633,0.3922144537928345
0.93130749653733,0.8714457091443996,91.7877987534291,57.48303807264181,20.787839083181435,0.029813720439429703,0.018443188330816276,0.006441508953427588
0.16110772426042097,0.27269472752309876,238.1833530828869,168.4607576084554,61.938118979870005,0.0637630915394054,0.049533400126801005,0.019524518648958853
